/Users/airm1/Work/Maps/sources/1971 South Vietnam Admin Map/20251002092659863_0001.jpg	Tỉnh An Giang	1971	{"sheet_number":"01","scale":"1:150.000","subject":"Provincial administrative map"}	
/Users/airm1/Work/Maps/sources/1971 South Vietnam Admin Map/20251002092659863_0002.jpg	Tỉnh An Xuyên	1971	{"sheet_number":"02","scale":"1:200.000","subject":"Provincial administrative map"}	
/Users/airm1/Work/Maps/sources/1971 South Vietnam Admin Map/20251002092659863_0003.jpg	Tỉnh Ba Xuyên	1971	{"sheet_number":"03","scale":"1:150.000","subject":"Provincial administrative map"}	
/Users/airm1/Work/Maps/sources/1971 South Vietnam Admin Map/20251002092659863_0004.jpg	Tỉnh Bạc Liêu	1971	{"sheet_number":"04","scale":"1:200.000","subject":"Provincial administrative map"}	
/Users/airm1/Work/Maps/sources/1971 South Vietnam Admin Map/20251002092659863_0005.jpg	Tỉnh Biên Hòa	1971	{"sheet_number":"05","scale":"1:150.000","subject":"Provincial administrative map"}	
/Users/airm1/Work/Maps/sources/1971 South Vietnam Admin Map/20251002092659863_0006.jpg	Tỉnh Bình Dương	1971	{"sheet_number":"06","scale":"1:150.000","subject":"Provincial administrative map"}	
/Users/airm1/Work/Maps/sources/1971 South Vietnam Admin Map/20251002092659863_0007.jpg	Tỉnh Bình Định	1971	{"sheet_number":"07","scale":"1:250.000","subject":"Provincial administrative map"}	
/Users/airm1/Work/Maps/sources/1971 South Vietnam Admin Map/20251002092659863_0008.jpg	Tỉnh Bình Long	1971	{"sheet_number":"08","scale":"1:150.000","subject":"Provincial administrative map"}	
/Users/airm1/Work/Maps/sources/1971 South Vietnam Admin Map/20251002092659863_0009.jpg	Tỉnh Bình Tuy	1971	{"sheet_number":"09","scale":"1:150.000","subject":"Provincial administrative map"}	
/Users/airm1/Work/Maps/sources/1971 South Vietnam Admin Map/20251002092659863_0010.jpg	Tỉnh Bình Thuận	1971	{"sheet_number":"10","scale":"1:200.000","subject":"Provincial administrative map"}	
/Users/airm1/Work/Maps/sources/1971 South Vietnam Admin Map/20251002092659863_0011.jpg	Tỉnh Châu Đốc	1971	{"sheet_number":"11","scale":"1:200.000","subject":"Provincial administrative map"}	
/Users/airm1/Work/Maps/sources/1971 South Vietnam Admin Map/20251002092659863_0012.jpg	Tỉnh Chương Thiện	1971	{"sheet_number":"12","scale":"1:150.000","subject":"Provincial administrative map"}	
/Users/airm1/Work/Maps/sources/1971 South Vietnam Admin Map/20251002092659863_0013.jpg	Tỉnh Darlac	1971	{"sheet_number":"13","scale":"1:250.000","subject":"Provincial administrative map"}	
/Users/airm1/Work/Maps/sources/1971 South Vietnam Admin Map/20251002092659863_0014.jpg	Tỉnh Định Tường	1971	{"sheet_number":"14","scale":"1:150.000","subject":"Provincial administrative map"}	
/Users/airm1/Work/Maps/sources/1971 South Vietnam Admin Map/20251002092659863_0015.jpg	Tỉnh Gò Công	1971	{"sheet_number":"15","scale":"1:100.000","subject":"Provincial administrative map"}	
/Users/airm1/Work/Maps/sources/1971 South Vietnam Admin Map/20251002092659863_0016.jpg	Tỉnh Gia Định	1971	{"sheet_number":"16","scale":"1:150.000","subject":"Provincial administrative map"}	
/Users/airm1/Work/Maps/sources/1971 South Vietnam Admin Map/20251002092659863_0017.jpg	Tỉnh Hậu Nghĩa	1971	{"sheet_number":"17","scale":"1:100.000","subject":"Provincial administrative map"}	
/Users/airm1/Work/Maps/sources/1971 South Vietnam Admin Map/20251002092659863_0018.jpg	Tỉnh Kiên Giang	1971	{"sheet_number":"18","scale":"1:250.000","subject":"Provincial administrative map"}	
/Users/airm1/Work/Maps/sources/1971 South Vietnam Admin Map/20251002092659863_0019.jpg	Tỉnh Kiến Hòa	1971	{"sheet_number":"19","scale":"1:150.000","subject":"Provincial administrative map"}	
/Users/airm1/Work/Maps/sources/1971 South Vietnam Admin Map/20251002092659863_0020.jpg	Tỉnh Kiến Phong	1971	{"sheet_number":"20","scale":"1:150.000","subject":"Provincial administrative map"}	
/Users/airm1/Work/Maps/sources/1971 South Vietnam Admin Map/20251002092659863_0021.jpg	Tỉnh Kiến Tường	1971	{"sheet_number":"21","scale":"1:150.000","subject":"Provincial administrative map"}	
/Users/airm1/Work/Maps/sources/1971 South Vietnam Admin Map/20251002092659863_0022.jpg	Tỉnh Kontum	1971	{"sheet_number":"22","scale":"1:250.000","subject":"Provincial administrative map"}	
/Users/airm1/Work/Maps/sources/1971 South Vietnam Admin Map/20251002092659863_0023.jpg	Tỉnh Khánh Hòa	1971	{"sheet_number":"23","scale":"1:200.000","subject":"Provincial administrative map"}	
/Users/airm1/Work/Maps/sources/1971 South Vietnam Admin Map/20251002092659863_0024.jpg	Tỉnh Lâm Đồng	1971	{"sheet_number":"24","scale":"1:200.000","subject":"Provincial administrative map"}	
/Users/airm1/Work/Maps/sources/1971 South Vietnam Admin Map/20251002092659863_0025.jpg	Tỉnh Long An	1971	{"sheet_number":"25","scale":"1:100.000","subject":"Provincial administrative map"}	
/Users/airm1/Work/Maps/sources/1971 South Vietnam Admin Map/20251002092659863_0026.jpg	Tỉnh Long Khánh	1971	{"sheet_number":"26","scale":"1:150.000","subject":"Provincial administrative map"}	
/Users/airm1/Work/Maps/sources/1971 South Vietnam Admin Map/20251002092659863_0027.jpg	Tỉnh Ninh Thuận	1971	{"sheet_number":"27","scale":"1:200.000","subject":"Provincial administrative map"}	
/Users/airm1/Work/Maps/sources/1971 South Vietnam Admin Map/20251002092659863_0028.jpg	Tỉnh Pleiku	1971	{"sheet_number":"28","scale":"1:250.000","subject":"Provincial administrative map"}	
/Users/airm1/Work/Maps/sources/1971 South Vietnam Admin Map/20251002092659863_0029.jpg	Tỉnh Phong Dinh	1971	{"sheet_number":"29","scale":"1:150.000","subject":"Provincial administrative map"}	
/Users/airm1/Work/Maps/sources/1971 South Vietnam Admin Map/20251002092659863_0030.jpg	Tỉnh Phú Bồn	1971	{"sheet_number":"30","scale":"1:200.000","subject":"Provincial administrative map"}	
/Users/airm1/Work/Maps/sources/1971 South Vietnam Admin Map/20251002092659863_0031.jpg	Tỉnh Phú Yên	1971	{"sheet_number":"31","scale":"1:200.000","subject":"Provincial administrative map"}	
/Users/airm1/Work/Maps/sources/1971 South Vietnam Admin Map/20251002092659863_0032.jpg	Tỉnh Phước Long	1971	{"sheet_number":"32","scale":"1:200.000","subject":"Provincial administrative map"}	
/Users/airm1/Work/Maps/sources/1971 South Vietnam Admin Map/20251002092659863_0033.jpg	Tỉnh Phước Tuy	1971	{"sheet_number":"33","scale":"1:150.000","subject":"Provincial administrative map"}	
/Users/airm1/Work/Maps/sources/1971 South Vietnam Admin Map/20251002092659863_0034.jpg	Tỉnh Quảng Đức	1971	{"sheet_number":"34","scale":"1:200.000","subject":"Provincial administrative map"}	
/Users/airm1/Work/Maps/sources/1971 South Vietnam Admin Map/20251002092659863_0035.jpg	Tỉnh Quảng Nam	1971	{"sheet_number":"35","scale":"1:200.000","subject":"Provincial administrative map"}	
/Users/airm1/Work/Maps/sources/1971 South Vietnam Admin Map/20251002092659863_0036.jpg	Tỉnh Quảng Ngãi	1971	{"sheet_number":"36","scale":"1:200.000","subject":"Provincial administrative map"}	
/Users/airm1/Work/Maps/sources/1971 South Vietnam Admin Map/20251002092659863_0037.jpg	Tỉnh Quảng Tín	1971	{"sheet_number":"37","scale":"1:200.000","subject":"Provincial administrative map"}	
/Users/airm1/Work/Maps/sources/1971 South Vietnam Admin Map/20251002092659863_0038.jpg	Tỉnh Quảng Trị	1971	{"sheet_number":"38","scale":"1:200.000","subject":"Provincial administrative map"}	
/Users/airm1/Work/Maps/sources/1971 South Vietnam Admin Map/20251002092659863_0039.jpg	Tỉnh Sa Đéc	1971	{"sheet_number":"39","scale":"1:100.000","subject":"Provincial administrative map"}	
/Users/airm1/Work/Maps/sources/1971 South Vietnam Admin Map/20251002092659863_0040.jpg	Tỉnh Tây Ninh	1971	{"sheet_number":"40","scale":"1:200.000","subject":"Provincial administrative map"}	
/Users/airm1/Work/Maps/sources/1971 South Vietnam Admin Map/20251002092659863_0041.jpg	Tỉnh Tuyên Đức	1971	{"sheet_number":"41","scale":"1:200.000","subject":"Provincial administrative map"}	
/Users/airm1/Work/Maps/sources/1971 South Vietnam Admin Map/20251002092659863_0042.jpg	Tỉnh Thừa Thiên	1971	{"sheet_number":"42","scale":"1:200.000","subject":"Provincial administrative map"}	
/Users/airm1/Work/Maps/sources/1971 South Vietnam Admin Map/20251002092659863_0043.jpg	Tỉnh Vĩnh Bình	1971	{"sheet_number":"43","scale":"1:150.000","subject":"Provincial administrative map"}	
/Users/airm1/Work/Maps/sources/1971 South Vietnam Admin Map/20251002092659863_0044.jpg	Tỉnh Vĩnh Long	1971	{"sheet_number":"44","scale":"1:150.000","subject":"Provincial administrative map"}	
