sheet_a,kind_a,sheet_b,kind_b,edge,median_m,max_m,samples
5453-1,pdf,5454-2,pdf,N,3.8753931236812145,9.768556111417475,25
5453-1,pdf,5553-4,pdf,E,2.824931600847902,10.151990306393111,25
5454-2,pdf,5554-3,pdf,E,0.8070607843278056,5.895628137147581,25
5552-1,pdf,5553-2,pdf,N,10.87417144103117,11.013137943504471,25
5552-1,pdf,5652-4,pdf,E,4.096576047931953,7.409475389803462,25
5553-1,pdf,5653-4,pdf,E,5.081073810477809,11.675080831456741,25
5553-1,pdf,5553-2,pdf,S,2.1440532035174327,3.9113427583035043,25
5553-1,pdf,5553-4,pdf,W,8.854398768421856,12.509884696586258,25
5553-2,pdf,5653-3,pdf,E,2.3278167320443366,11.652062985430057,25
5553-2,pdf,5553-3,pdf,W,5.578297366143753,12.61384059638396,25
5553-3,pdf,5553-4,pdf,N,10.415102799558309,23.404050082835845,25
5553-4,pdf,5554-3,pdf,N,7.399686920689536,13.145213067019712,25
5651-1,pdf,5652-2,pdf,N,1.0236674297983714,1.8668966057768788,25
5651-1,pdf,5751-4,pdf,E,407.90390678013176,411.35182246374785,25
5651-1,pdf,5651-2,pdf,S,7.007700105599675,8.417724605556677,25
5651-1,pdf,5651-4,pdf,W,385.0347699695316,390.70865015487294,25
5651-2,pdf,5751-3,pdf,E,400.3048158166692,412.6938841525913,25
5651-2,pdf,5651-3,pdf,W,3.1644934052542344,9.618141900793905,25
5651-3,pdf,5651-4,pdf,N,110.2375112882452,111.63134798719614,25
5651-4,pdf,5652-3,pdf,N,9.397707693334025,12.490670972977695,25
5652-1,pdf,5653-2,pdf,N,14.806655584744554,17.899343858823226,25
5652-1,pdf,5752-4,pdf,E,4.221969467653415,5.932435459499948,25
5652-1,pdf,5652-2,pdf,S,2.2593969445406406,5.144437052046611,25
5652-1,pdf,5652-4,pdf,W,10.900733723552236,15.43215517350128,25
5652-2,pdf,5752-3,pdf,E,414.39764889259607,421.74770877358725,25
5652-2,pdf,5652-3,pdf,W,389.97271329952366,391.51398147576515,25
5652-3,pdf,5652-4,pdf,N,136.98760502539227,138.75566638886056,25
5652-4,pdf,5653-3,pdf,N,7.239564396525849,14.416370463876591,25
5653-1,pdf,5654-2,pdf,N,21.56782739929372,39.68197892399939,25
5653-1,pdf,5753-4,pdf,E,5.375033681407417,8.483897457297436,25
5653-1,pdf,5653-2,pdf,S,5.680770554323212,9.538741960847878,25
5653-1,pdf,5653-4,pdf,W,1.7175638084785254,111.18928977431798,25
5653-2,pdf,5753-3,pdf,E,14.028401266324302,16.575967687945877,25
5653-2,pdf,5653-3,pdf,W,3.429493976363198,10.219447379772028,25
5653-3,pdf,5653-4,pdf,N,6.464140522817435,8.647962280942712,25
5654-2,pdf,5754-3,pdf,E,4.5871187473020045,8.291425499937818,25
5750-4,pdf,5751-3,pdf,N,5.527164390660618,7.2930544716026775,25
5751-1,pdf,5752-2,pdf,N,126.23709517250929,128.7359069838105,25
5751-1,pdf,5851-4,pdf,E,15.17254393216676,18.083107301621055,25
5751-1,pdf,5751-2,pdf,S,135.4221743056889,142.99591970969246,25
5751-1,pdf,5751-4,pdf,W,387.5827808062249,391.38917824196466,25
5751-2,pdf,5751-3,pdf,W,6.752382152643877,15.47878302673046,25
5751-3,pdf,5751-4,pdf,N,19.343895578290375,21.55375764685446,25
5751-4,pdf,5752-3,pdf,N,12.158556607035765,14.808787207520407,25
5752-1,pdf,5753-2,pdf,N,3.200685674223745,8.449204976907554,25
5752-1,pdf,5852-4,pdf,E,5.546965197926268,11.63897581284453,25
5752-1,pdf,5752-2,pdf,S,135.04298561335685,139.2463122223137,25
5752-1,pdf,5752-4,pdf,W,7.9308517632038935,19.05274943950349,25
5752-2,pdf,5852-3,pdf,E,400.7430174396988,411.8256241565159,25
5752-2,pdf,5752-3,pdf,W,15.004995656473136,15.408068765588308,25
5752-3,pdf,5752-4,pdf,N,131.05986277408257,142.80547643247385,25
5752-4,pdf,5753-3,pdf,N,23.23371224123883,25.051686906182816,25
5753-1,pdf,5853-4,pdf,E,5.728776536106939,6.7900925009186865,25
5753-1,pdf,5753-2,pdf,S,3.785564985393127,6.625167070552121,25
5753-1,pdf,5753-4,pdf,W,10.324575995445407,17.15309507592943,25
5753-2,pdf,5853-3,pdf,E,399.10927434854335,399.3904727577503,25
5753-2,pdf,5753-3,pdf,W,3.291355131006613,6.63440338527293,25
5753-3,pdf,5753-4,pdf,N,16.221079000357655,19.018472654044622,25
5753-4,pdf,5754-3,pdf,N,12.251347132324813,16.914863457644724,25
5847-1,pdf,5848-2,pdf,N,7.91305943921754,9.433553003302908,25
5847-1,pdf,5947-4,pdf,E,3.679235646165442,4.097016010469436,25
5847-1,pdf,5847-4,pdf,W,6.913681860685643,13.202853323153798,25
5847-4,pdf,5848-3,pdf,N,4.069780371333658,8.588704929478272,25
5848-2,pdf,5948-3,pdf,E,420.47500846107965,431.1075864972238,25
5848-2,pdf,5848-3,pdf,W,4.586721707175239,6.2096229422081635,25
5850-1,pdf,5851-2,pdf,N,4.719080267235709,12.2285491016352,25
5850-1,pdf,5950-4,pdf,E,396.8469488923182,399.48954409926483,25
5851-1,pdf,5852-2,pdf,N,5.003487878897895,7.696414619418144,25
5851-1,pdf,5951-4,pdf,E,416.7058694185578,420.5555767142543,25
5851-1,pdf,5851-2,pdf,S,141.46848317140936,146.08089982539673,25
5851-1,pdf,5851-4,pdf,W,9.816107522156823,12.726896827303996,25
5851-2,pdf,5951-3,pdf,E,400.8411937683876,401.39988929242384,25
5851-4,pdf,5852-3,pdf,N,3.3161999998744562,8.394930249998826,25
5852-1,pdf,5853-2,pdf,N,5.320208817745224,19.575210680710963,25
5852-1,pdf,5952-4,pdf,E,421.8747811398526,427.5953734852799,25
5852-1,pdf,5852-2,pdf,S,5.428155889640611,11.439264371837556,25
5852-1,pdf,5852-4,pdf,W,8.381117543301896,16.81718035454032,25
5852-2,pdf,5952-3,pdf,E,3.2934641938911935,15.69616048327548,25
5852-2,pdf,5852-3,pdf,W,6.74468669226354,13.976482927267039,25
5852-3,pdf,5852-4,pdf,N,10.708685770473137,30.46300192182447,25
5852-4,pdf,5853-3,pdf,N,118.63625611648246,124.38493189887468,25
5853-2,pdf,5953-3,pdf,E,2.2808749411657514,5.065237850500884,25
5853-2,pdf,5853-3,pdf,W,404.2369404760984,407.24542309399,25
5853-3,pdf,5853-4,pdf,N,133.1041116169514,134.57940848476898,25
5853-4,pdf,5854-3,pdf,N,11.093840302275007,15.346799644810654,25
5854-2,pdf,5954-3,pdf,E,9.184269400302489,15.772478822549054,25
5854-2,pdf,5854-3,pdf,W,3.0718662308367577,3.895812409766707,25
5926-1,pdf,5927-2,pdf,N,6.804039335107339,11.832325779665833,25
5926-1,pdf,6026-4,pdf,E,2.153887082572788,4.653666973816744,25
5927-1,pdf,5928-2,pdf,N,17.133666183259866,21.111327457582032,25
5927-1,pdf,6027-4,pdf,E,412.6266961610587,426.99462896518963,25
5927-1,pdf,5927-2,pdf,S,235.29006877331966,237.10821077233734,25
5927-2,pdf,6027-3,pdf,E,7.950421468984259,18.16062411323115,25
5928-1,pdf,5929-2,pdf,N,216.29627250614234,223.29355303810823,25
5928-1,pdf,6028-4,pdf,E,428.16133916920836,435.5215241330502,25
5928-1,pdf,5928-2,pdf,S,252.31245465558928,254.6575999058418,25
5928-2,pdf,6028-3,pdf,E,15.913539758951961,16.357190013031232,25
5929-1,pdf,6029-4,pdf,E,416.77473145642756,429.3305611110407,25
5929-1,pdf,5929-2,pdf,S,16.02834072305404,18.23767450146034,25
5929-2,pdf,6029-3,pdf,E,411.5401585138568,415.3533645182064,25
5929-2,pdf,5929-3,pdf,W,429.51049920506154,435.778385875812,25
5947-1,pdf,5948-2,pdf,N,143.16221162678858,146.22623341653312,25
5947-1,pdf,6047-4,pdf,E,11.800388385180755,14.739550428145549,25
5947-1,pdf,5947-2,pdf,S,3.8161841534117777,6.204581380469021,25
5947-1,pdf,5947-4,pdf,W,3.2442112297485948,6.91158287522024,25
5947-2,pdf,6047-3,pdf,E,5.247809163262821,11.552364394725917,25
5947-2,pdf,5947-3,pdf,W,7.641534603869365,11.999249120219027,25
5947-3,pdf,5947-4,pdf,N,5.765607034058508,21.477136635709332,25
5947-4,pdf,5948-3,pdf,N,154.5659473102419,159.86849158730297,25
5948-1,pdf,6048-4,pdf,E,6.75067046144741,15.661507393577635,25
5948-1,pdf,5948-2,pdf,S,170.19795577279365,171.96385232552404,25
5948-2,pdf,6048-3,pdf,E,403.58132402594424,414.04595287506294,25
5948-2,pdf,5948-3,pdf,W,15.7239446390756,24.933752295518,25
5950-1,pdf,5951-2,pdf,N,138.45416276703114,142.7235010473657,25
5950-1,pdf,6050-4,pdf,E,406.74954120388827,412.2985505395686,25
5950-1,pdf,5950-2,pdf,S,128.8483735581396,132.06270478890585,25
5950-1,pdf,5950-4,pdf,W,410.71902412531466,420.56795139755866,25
5950-2,pdf,6050-3,pdf,E,429.77912531955513,433.2424939435829,25
5950-4,pdf,5951-3,pdf,N,14.761276834861086,16.78118559162786,25
5951-1,pdf,5952-2,pdf,N,143.3713903865498,145.4641612993061,25
5951-1,pdf,6051-4,pdf,E,421.41640006511074,429.0004614540083,25
5951-1,pdf,5951-2,pdf,S,127.91096104408226,130.784182521366,25
5951-1,pdf,5951-4,pdf,W,12.437475081754348,14.085466583076883,25
5951-2,pdf,6051-3,pdf,E,11.589866996603273,15.003920027721101,25
5951-2,pdf,5951-3,pdf,W,10.43883219556589,23.25838531775708,25
5951-3,pdf,5951-4,pdf,N,132.6123605094571,134.380585774814,25
5951-4,pdf,5952-3,pdf,N,144.44930566198727,146.81861587725834,25
5952-1,pdf,5953-2,pdf,N,8.78193062837159,24.618675347012413,25
5952-1,pdf,6052-4,pdf,E,9.573004977077531,15.372284204624362,25
5952-1,pdf,5952-2,pdf,S,6.717809375102965,10.89197753015787,25
5952-1,pdf,5952-4,pdf,W,410.04098116676323,417.7657015107147,25
5952-2,pdf,6052-3,pdf,E,14.217570137646343,17.682444342193776,25
5952-2,pdf,5952-3,pdf,W,13.69757567469894,20.16622911537824,25
5952-3,pdf,5952-4,pdf,N,120.19455218430393,124.31529218727573,25
5952-4,pdf,5953-3,pdf,N,131.66994344573004,133.44069665049744,25
5953-1,pdf,5954-2,pdf,N,2.803028962718156,8.457009505741164,25
5953-1,pdf,6053-4,pdf,E,11.218159643253742,21.110397375237085,25
5953-1,pdf,5953-2,pdf,S,11.143713786090636,17.93605111153131,25
5953-1,pdf,5953-4,pdf,W,2.6287309053428842,7.1494385292979645,25
5953-2,pdf,6053-3,pdf,E,3.8559492556179733,9.41188969808619,25
5953-2,pdf,5953-3,pdf,W,3.6459079374803287,9.90056451384749,25
5953-3,pdf,5953-4,pdf,N,6.3450421330461975,9.565544751648709,25
5953-4,pdf,5954-3,pdf,N,3.782161465198983,5.988023970515371,25
5954-1,pdf,6054-4,pdf,E,6.281836779302885,16.927689951533907,25
5954-1,pdf,5954-2,pdf,S,8.52888567715492,11.21316078871035,25
5954-2,pdf,6054-3,pdf,E,13.422632083400154,17.461440437344937,25
5954-2,pdf,5954-3,pdf,W,2.6942970122888714,5.80806224607317,25
6026-1,pdf,6027-2,pdf,N,17.95339279988832,20.347012472706318,25
6026-1,pdf,6026-4,pdf,W,7.819771431382448,13.180227370911995,25
6026-3,pdf,6026-4,pdf,N,11.677327565065976,12.21486612455885,25
6026-4,pdf,6027-3,pdf,N,4.301555375981447,8.3659593952173,25
6027-1,pdf,6028-2,pdf,N,5.812833099790606,13.067911178556432,25
6027-1,pdf,6127-4,pdf,E,25.0157132392358,36.446540237172144,25
6027-1,pdf,6027-2,pdf,S,13.905765181265965,16.113976971858122,25
6027-1,pdf,6027-4,pdf,W,4.196287147502385,10.458234713082184,25
6027-2,pdf,6127-3,pdf,E,445.5918396620243,461.98175590510385,25
6027-2,pdf,6027-3,pdf,W,13.449060901084659,24.47918620964511,25
6027-3,pdf,6027-4,pdf,N,3.5307240739268133,4.249788080708585,25
6027-4,pdf,6028-3,pdf,N,229.71765932965945,237.24728805566394,25
6028-1,pdf,6029-2,pdf,N,1.0371207577880983,2.802193542836609,25
6028-1,pdf,6128-4,pdf,E,3.7920248916301142,5.987245756027963,25
6028-1,pdf,6028-2,pdf,S,8.106859647214014,29.822281919933477,25
6028-1,pdf,6028-4,pdf,W,426.43628558471045,428.0719447796418,25
6028-2,pdf,6128-3,pdf,E,439.4493294727653,443.99215032803556,25
6028-2,pdf,6028-3,pdf,W,418.0434299224807,429.9322382452553,25
6028-3,pdf,6028-4,pdf,N,1.1668510052001213,4.074709030550566,25
6028-4,pdf,6029-3,pdf,N,239.01828709068675,243.31065833149808,25
6029-1,pdf,6030-2,pdf,N,3.879202328981474,5.115555876089086,25
6029-1,pdf,6129-4,pdf,E,11.540665248958772,24.226752707052153,25
6029-1,pdf,6029-2,pdf,S,9.731112998955423,14.316577371208773,25
6029-1,pdf,6029-4,pdf,W,15.843585593999448,25.706053348609206,25
6029-2,pdf,6129-3,pdf,E,18.995098864267362,21.71307026100568,25
6029-2,pdf,6029-3,pdf,W,5.324986482921243,6.517600806990741,25
6029-3,pdf,6029-4,pdf,N,3.7587434794133188,8.659216552802892,25
6030-2,pdf,6130-3,pdf,E,419.2364444735533,424.3507657328527,25
6045-1,pdf,6046-2,pdf,N,4.519313377443146,11.141550060460032,25
6045-1,pdf,6145-4,pdf,E,4.250645145744322,13.068973342860106,25
6046-1,pdf,6047-2,pdf,N,5.421471036250149,8.07550831226311,25
6046-1,pdf,6146-4,pdf,E,4.932232523521272,12.194439370188284,25
6046-1,pdf,6046-2,pdf,S,16.275124908283104,20.343865187479125,25
6046-1,pdf,6046-4,pdf,W,14.622864731222633,19.730955147264925,25
6046-2,pdf,6146-3,pdf,E,8.39861190518685,23.924274925070424,25
6046-2,pdf,6046-3,pdf,W,2.642075277969489,3.056885446395157,25
6046-3,pdf,6046-4,pdf,N,3.203074376709385,7.505164568166691,25
6046-4,pdf,6047-3,pdf,N,5.240765137719175,12.994414792176023,25
6047-1,pdf,6048-2,pdf,N,9.840329885067058,14.770053511404514,25
6047-1,pdf,6147-4,pdf,E,12.556713207582797,15.926076591588064,25
6047-1,pdf,6047-2,pdf,S,5.316671496650826,8.581216349748896,25
6047-1,pdf,6047-4,pdf,W,13.782942939918135,17.198214784626195,25
6047-2,pdf,6147-3,pdf,E,13.442771934753821,21.957894615614507,25
6047-2,pdf,6047-3,pdf,W,8.885328887278716,21.69844596285543,25
6047-3,pdf,6047-4,pdf,N,4.5262875744437485,4.880522171575036,25
6047-4,pdf,6048-3,pdf,N,6.5374232648938175,12.249268237477507,25
6048-1,pdf,6049-2,pdf,N,5.3952677812393715,8.78372567494887,25
6048-1,pdf,6048-2,pdf,S,2.778473281770518,9.65686937078444,25
6048-1,pdf,6048-4,pdf,W,1.6916879624634282,4.552439779334502,25
6048-2,pdf,6148-3,pdf,E,4.382986974133966,8.81099240535478,25
6048-2,pdf,6048-3,pdf,W,12.3798297901675,18.9973615780437,25
6048-3,pdf,6048-4,pdf,N,13.323361818675394,18.235537845753413,25
6048-4,pdf,6049-3,pdf,N,10.61787083740103,14.69969715674435,25
6049-1,pdf,6050-2,pdf,N,3.8428544493449897,9.474937499831197,25
6049-1,pdf,6149-4,pdf,E,16.82301763215231,20.774739234466548,25
6049-1,pdf,6049-2,pdf,S,8.213761250194041,12.942016977535785,25
6049-1,pdf,6049-4,pdf,W,1.5362045188491305,3.4796669499230726,25
6049-2,pdf,6149-3,pdf,E,423.2178763150673,425.2134333256995,25
6049-2,pdf,6049-3,pdf,W,5.114938954952714,7.7483064417981495,25
6049-3,pdf,6049-4,pdf,N,10.539331397784728,23.5331903700917,25
6049-4,pdf,6050-3,pdf,N,127.94327660934167,134.13208673158346,25
6050-1,pdf,6051-2,pdf,N,6.554109425070879,16.16328080049506,25
6050-1,pdf,6050-2,pdf,S,3.706254592448308,7.685459113104554,25
6050-1,pdf,6050-4,pdf,W,5.09273510655852,13.09684578011024,25
6050-2,pdf,6050-3,pdf,W,407.9956238421869,418.96590167104654,25
6050-3,pdf,6050-4,pdf,N,150.87660275147311,152.17863540213318,25
6050-4,pdf,6051-3,pdf,N,5.061198750988081,8.742600742276268,25
6051-1,pdf,6052-2,pdf,N,4.655770552628047,6.677848024937922,25
6051-1,pdf,6051-2,pdf,S,18.972908763112436,23.396376310726147,25
6051-1,pdf,6051-4,pdf,W,5.559305016950915,6.088534395710931,25
6051-2,pdf,6151-3,pdf,E,2.079065155635046,2.9132610496875,25
6051-2,pdf,6051-3,pdf,W,6.725965022805132,11.63469732737825,25
6051-3,pdf,6051-4,pdf,N,4.996868915413076,7.350812421456662,25
6051-4,pdf,6052-3,pdf,N,6.618291513594719,16.835235504150788,25
6052-1,pdf,6053-2,pdf,N,2.410103785913262,11.27450736001065,25
6052-1,pdf,6152-4,pdf,E,445.80426304394257,466.38629164460644,25
6052-1,pdf,6052-2,pdf,S,1.4910250565734398,2.38547715435913,25
6052-1,pdf,6052-4,pdf,W,11.245681991287189,22.444721242109843,25
6052-2,pdf,6152-3,pdf,E,432.625758324571,442.84135825731903,25
6052-2,pdf,6052-3,pdf,W,9.96304335264985,18.126007380706064,25
6052-3,pdf,6052-4,pdf,N,20.054620640896935,34.79475639423703,25
6052-4,pdf,6053-3,pdf,N,10.05845504650409,13.00117863145531,25
6053-1,pdf,6054-2,pdf,N,2.5283095696710003,3.628087431852094,25
6053-1,pdf,6153-4,pdf,E,3.253860684686984,8.26532813321954,25
6053-1,pdf,6053-2,pdf,S,13.22451679216324,14.540110251425492,25
6053-1,pdf,6053-4,pdf,W,5.71645837033494,10.239756542263889,25
6053-2,pdf,6153-3,pdf,E,11.36305238297262,13.000540503796586,25
6053-2,pdf,6053-3,pdf,W,22.023835872679427,35.45430664739571,25
6053-3,pdf,6053-4,pdf,N,18.004293193564987,23.748261732524824,25
6053-4,pdf,6054-3,pdf,N,4.302377976515732,8.279471184246349,25
6054-1,pdf,6055-2,pdf,N,15.112997268334302,23.965869906337304,25
6054-1,pdf,6154-4,pdf,E,432.3963666524719,436.4102137334069,25
6054-1,pdf,6054-2,pdf,S,14.009606763190186,22.849337318313882,25
6054-1,pdf,6054-4,pdf,W,14.33985968844887,16.75188202743019,25
6054-2,pdf,6154-3,pdf,E,436.1420102037074,444.26984259079364,25
6054-2,pdf,6054-3,pdf,W,18.458153878383495,21.759529235910794,25
6054-3,pdf,6054-4,pdf,N,4.037411507897901,8.121255643339264,25
6054-4,pdf,6055-3,pdf,N,5.18932779517991,6.964394742982749,25
6055-2,pdf,6055-3,pdf,W,4.512970483821836,10.240730172094386,25
6127-1,pdf,6128-2,pdf,N,17.250677483374762,17.58373287391951,25
6127-1,pdf,6227-4,pdf,E,0.7195649729858191,1.94568434386852,25
6127-1,pdf,6127-2,pdf,S,22.94358480599792,26.562188769641914,25
6127-1,pdf,6127-4,pdf,W,4.790893565892127,9.538016443606066,25
6127-2,pdf,6127-3,pdf,W,419.62812575589885,424.22248639966256,25
6127-3,pdf,6127-4,pdf,N,241.77249719739785,253.98343755048748,25
6127-4,pdf,6128-3,pdf,N,239.21807969696678,251.71248981614613,25
6128-1,pdf,6129-2,pdf,N,237.84536701941045,242.5331890843698,25
6128-1,pdf,6228-4,pdf,E,448.424484297369,452.71324106874914,25
6128-1,pdf,6128-2,pdf,S,240.77599421571284,240.776382552245,25
6128-1,pdf,6128-4,pdf,W,455.64957137179965,465.0064180990198,25
6128-2,pdf,6228-3,pdf,E,12.817607136968384,18.687037644930072,25
6128-2,pdf,6128-3,pdf,W,433.0153426329376,447.622365630721,25
6128-3,pdf,6128-4,pdf,N,250.90856197276537,255.3260862558249,25
6128-4,pdf,6129-3,pdf,N,14.136132815518968,21.29603069745598,25
6129-1,pdf,6130-2,pdf,N,227.64106460506875,239.17042505235466,25
6129-1,pdf,6229-4,pdf,E,11.9904966604474,14.62020878874219,25
6129-1,pdf,6129-2,pdf,S,14.251031045680685,16.852238434650797,25
6129-1,pdf,6129-4,pdf,W,12.13329899683916,16.37832240898225,25
6129-2,pdf,6229-3,pdf,E,6.272503230587451,10.077663327585658,25
6129-2,pdf,6129-3,pdf,W,5.527809208173698,17.380216090783165,25
6129-3,pdf,6129-4,pdf,N,17.465100301068887,23.940344665691274,25
6129-4,pdf,6130-3,pdf,N,225.38310507371486,228.66563490718923,25
6130-2,pdf,6230-3,pdf,E,3.5105171046677857,12.322044238692884,25
6130-2,pdf,6130-3,pdf,W,7.028535628171405,22.104353489761127,25
6144-1,pdf,6145-2,pdf,N,13.231924612563468,22.172710312104105,25
6144-1,pdf,6244-4,pdf,E,11.650026754288529,20.132898748625596,25
6144-1,pdf,6144-2,pdf,S,48.082198859035735,48.525358364075394,25
6144-2,pdf,6244-3,pdf,E,31.831676915453542,37.74341374668794,25
6145-1,pdf,6146-2,pdf,N,3.6184354691607608,9.551482143211445,25
6145-1,pdf,6245-4,pdf,E,6.70220393376899,10.342346038638524,25
6145-1,pdf,6145-2,pdf,S,3.8780018436381964,7.251967594701958,25
6145-1,pdf,6145-4,pdf,W,41.001796633616685,54.76251156353689,25
6145-2,pdf,6245-3,pdf,E,173.74860274315787,313.4519082325609,25
6145-2,pdf,6145-3,pdf,W,411.65836577497845,434.0720722611704,25
6145-3,pdf,6145-4,pdf,N,178.49868389643967,184.37621071127026,25
6145-4,pdf,6146-3,pdf,N,12.123763250970546,25.060564182567703,25
6146-2,pdf,6146-3,pdf,W,15.602186710678275,43.36912785393082,25
6146-3,pdf,6146-4,pdf,N,12.15390509800911,15.264474152240647,25
6146-4,pdf,6147-3,pdf,N,5.3198862994270035,12.391290118643486,25
6147-3,pdf,6147-4,pdf,N,6.065852478607707,12.12809909765989,25
6147-4,pdf,6148-3,pdf,N,2.8538220356759267,5.064930388965696,25
6148-1,pdf,6149-2,pdf,N,153.0900591193159,159.40932528233176,25
6148-1,pdf,6248-4,pdf,E,6.436022971566311,13.719393362334552,25
6148-1,pdf,6148-2,pdf,S,7.632294823291502,10.026206109380167,25
6148-2,pdf,6148-3,pdf,W,2.7674791734227697,5.851798272150097,25
6149-1,pdf,6249-4,pdf,E,5.780459779386703,7.047263274775777,25
6149-1,pdf,6149-2,pdf,S,152.71793109568506,156.67348542493892,25
6149-1,pdf,6149-4,pdf,W,16.919467510198206,23.766712397319957,25
6149-2,pdf,6249-3,pdf,E,434.3478009726134,439.50085912171727,25
6149-2,pdf,6149-3,pdf,W,0.8363193655843245,1.6731723182058473,25
6149-3,pdf,6149-4,pdf,N,155.9756426627369,164.26017611950166,25
6150-1,pdf,6151-2,pdf,N,3.9844480633610173,8.789577111672022,25
6150-1,pdf,6250-4,pdf,E,6.782739742505837,8.575129410892249,25
6151-2,pdf,6251-3,pdf,E,442.34991034095873,445.370155851608,25
6151-2,pdf,6151-3,pdf,W,7.355275760339326,13.990508402530777,25
6152-1,pdf,6153-2,pdf,N,125.15528608330968,129.51198483759404,25
6152-1,pdf,6252-4,pdf,E,421.6396545943619,440.33162077873135,25
6152-1,pdf,6152-2,pdf,S,121.42606465652105,125.8441576712518,25
6152-1,pdf,6152-4,pdf,W,7.650307272435788,20.05704746660861,25
6152-2,pdf,6252-3,pdf,E,6.269414850350234,11.23027417097945,25
6152-2,pdf,6152-3,pdf,W,433.52152861390147,435.4796654031108,25
6152-3,pdf,6152-4,pdf,N,1.106414901480313,1.9936741138875271,25
6152-4,pdf,6153-3,pdf,N,144.34711276991973,145.67222973894775,25
6153-1,pdf,6154-2,pdf,N,3.251744573247022,6.122954954201446,25
6153-1,pdf,6253-4,pdf,E,7.629955348151503,16.278663585140944,25
6153-1,pdf,6153-2,pdf,S,2.3772062329248547,2.670462787957791,25
6153-1,pdf,6153-4,pdf,W,5.930694092266668,11.58048933754281,25
6153-2,pdf,6253-3,pdf,E,7.061625474358131,14.417429496411152,25
6153-2,pdf,6153-3,pdf,W,8.27880527969335,10.745034852126153,25
6153-3,pdf,6153-4,pdf,N,3.8313309732904415,6.446887754093196,25
6153-4,pdf,6154-3,pdf,N,122.36916698693328,127.50651357164496,25
6154-1,pdf,6254-4,pdf,E,4.131979302293579,6.587926796132192,25
6154-1,pdf,6154-2,pdf,S,9.250403653270894,14.9035677808592,25
6154-1,pdf,6154-4,pdf,W,424.06819236056634,424.98560061656394,25
6154-2,pdf,6254-3,pdf,E,9.249159163042153,25.275467912438273,25
6154-2,pdf,6154-3,pdf,W,431.4298692621458,431.978017635249,25
6154-3,pdf,6154-4,pdf,N,8.844680985596181,15.031928543347146,25
6227-4,pdf,6228-3,pdf,N,2.124920083088962,6.544240359692366,25
6228-1,pdf,6229-2,pdf,N,8.240495672631278,15.877009207908033,25
6228-1,pdf,6328-4,pdf,E,2.392830895394843,8.06442319972196,25
6228-1,pdf,6228-2,pdf,S,246.36392023441906,253.54033014199874,25
6228-1,pdf,6228-4,pdf,W,17.526556775200497,22.715835379073383,25
6228-2,pdf,6328-3,pdf,E,429.20499057389463,439.6103981726443,25
6228-2,pdf,6228-3,pdf,W,432.6852447747456,435.83994350790005,25
6228-3,pdf,6228-4,pdf,N,5.2124703357129825,10.773084340795192,25
6228-4,pdf,6229-3,pdf,N,5.76007719382387,12.895357449861072,25
6229-1,pdf,6230-2,pdf,N,11.165534553080034,12.938264685777696,25
6229-1,pdf,6229-2,pdf,S,8.818546520072646,12.24051979110617,25
6229-1,pdf,6229-4,pdf,W,2.290190296398804,5.387182794335267,25
6229-2,pdf,6229-3,pdf,W,12.035980577852849,12.916810285471497,25
6229-3,pdf,6229-4,pdf,N,6.499686667058912,15.092085535751854,25
6229-4,pdf,6230-3,pdf,N,237.93454807014515,241.02927629655255,25
6230-1,pdf,6231-2,pdf,N,1.7541652736929958,3.7802170342514265,25
6230-1,pdf,6230-2,pdf,S,11.55355651384718,12.880466335193704,25
6230-2,pdf,6230-3,pdf,W,431.12499271851294,431.8582823319864,25
6231-1,pdf,6232-2,pdf,N,276.05209732052145,284.4289574656079,25
6231-1,pdf,6331-4,pdf,E,2.1835616349350273,5.67751360097387,25
6231-1,pdf,6231-2,pdf,S,227.00509132460672,227.50730342832588,25
6231-1,pdf,6231-4,pdf,W,448.06296412633066,450.0850955630139,25
6231-2,pdf,6331-3,pdf,E,5.693618964795928,11.982560874734059,25
6231-2,pdf,6231-3,pdf,W,54.00733496121746,57.09290682089475,25
6231-3,pdf,6231-4,pdf,N,73.05634686549915,89.35252318129167,25
6232-2,pdf,6332-3,pdf,E,505.8661969262771,511.2724791619153,25
6243-1,pdf,6244-2,pdf,N,13.089558413577741,19.820482042076573,25
6243-1,pdf,6343-4,pdf,E,1.2794778262991562,3.6146433160595204,25
6243-1,pdf,6243-2,pdf,S,6.503538498888912,6.946724954969544,25
6243-1,pdf,6243-4,pdf,W,4.855795582526606,11.61076850270932,25
6243-2,pdf,6343-3,pdf,E,2.1354180642075344,12.333781173182707,25
6243-4,pdf,6244-3,pdf,N,11.608759195351265,20.013482832026025,25
6244-1,pdf,6245-2,pdf,N,1.8415563518926583,4.641576248678151,25
6244-1,pdf,6344-4,pdf,E,0.42715084164402056,0.8524751507667673,25
6244-1,pdf,6244-2,pdf,S,2.951837665976811,10.123055374812054,25
6244-1,pdf,6244-4,pdf,W,0.6474753702110729,1.8001698216392137,25
6244-2,pdf,6344-3,pdf,E,12.713132276042614,22.93458143906401,25
6244-2,pdf,6244-3,pdf,W,16.444787469419186,17.726018484446378,25
6244-3,pdf,6244-4,pdf,N,1.6846792285354628,3.624852502842217,25
6244-4,pdf,6245-3,pdf,N,10.343856009077335,13.39952323068649,25
6245-2,pdf,6245-3,pdf,W,7.41524369207501,15.902685854070276,25
6245-3,pdf,6245-4,pdf,N,1.4364270065546867,2.762514403029283,25
6248-4,pdf,6249-3,pdf,N,7.785850005897274,9.389206443320147,25
6249-1,pdf,6250-2,pdf,N,154.23773309240119,156.27505975406513,25
6249-1,pdf,6349-4,pdf,E,436.4844524835902,440.28627602900167,25
6249-1,pdf,6249-2,pdf,S,26.665733048232326,32.67422083189471,25
6249-1,pdf,6249-4,pdf,W,438.89308119285903,446.5745377018347,25
6249-2,pdf,6249-3,pdf,W,451.038667799316,461.6253902071744,25
6249-3,pdf,6249-4,pdf,N,4.449401884370738,6.45753730959479,25
6249-4,pdf,6250-3,pdf,N,4.590779609366627,8.841080483635915,25
6250-1,pdf,6251-2,pdf,N,10.151027359273135,16.015504871281916,25
6250-1,pdf,6250-2,pdf,S,9.442867907574835,14.285668129902648,25
6250-1,pdf,6250-4,pdf,W,2.9172776345276334,8.62766365635336,25
6250-2,pdf,6250-3,pdf,W,5.4168358369399945,9.02980315559497,25
6250-3,pdf,6250-4,pdf,N,1.1422804104442608,2.0249372701430794,25
6250-4,pdf,6251-3,pdf,N,141.87628729073015,155.5847590599803,25
6251-1,pdf,6252-2,pdf,N,5.020534678722587,8.024877306520452,25
6251-1,pdf,6351-4,pdf,E,6.226686593935465,15.957716871657546,25
6251-1,pdf,6251-2,pdf,S,0.8417931465096756,2.8549323923544137,25
6251-1,pdf,6251-4,pdf,W,1.1312576903399627,1.8930164882044471,25
6251-2,pdf,6351-3,pdf,E,8.781162102874212,12.525910826785651,25
6251-2,pdf,6251-3,pdf,W,432.0176058142924,437.5353675554703,25
6251-3,pdf,6251-4,pdf,N,141.52839764912457,142.412918636026,25
6251-4,pdf,6252-3,pdf,N,2.2722988911208026,5.983920601516556,25
6252-1,pdf,6253-2,pdf,N,4.8066081686040345,8.785824122462783,25
6252-1,pdf,6352-4,pdf,E,450.8765465097755,467.32154425652305,25
6252-1,pdf,6252-2,pdf,S,7.230402482055696,13.030503762476854,25
6252-1,pdf,6252-4,pdf,W,7.671798465437194,13.877316884925014,25
6252-2,pdf,6352-3,pdf,E,1.0864051582190222,2.6828122691783136,25
6252-2,pdf,6252-3,pdf,W,11.906474538979346,14.166476655022542,25
6252-3,pdf,6252-4,pdf,N,3.5287962618200743,9.746331003935545,25
6252-4,pdf,6253-3,pdf,N,10.307761550566656,14.229729003713798,25
6253-1,pdf,6254-2,pdf,N,10.515966953653253,23.79515016475635,25
6253-1,pdf,6253-2,pdf,S,2.56031104164867,7.415975876156143,25
6253-1,pdf,6253-4,pdf,W,9.688719864738927,17.517472083589727,25
6253-2,pdf,6353-3,pdf,E,10.323851258582133,11.135484658004856,25
6253-2,pdf,6253-3,pdf,W,21.687311225309923,32.699815543728505,25
6253-3,pdf,6253-4,pdf,N,14.649975031139618,21.519065661991498,25
6253-4,pdf,6254-3,pdf,N,4.700492136567807,12.431068622867421,25
6254-1,pdf,6354-4,pdf,E,6.783083140126735,18.394685039782527,25
6254-1,pdf,6254-2,pdf,S,5.585850906179317,16.47879975663799,25
6254-1,pdf,6254-4,pdf,W,22.41239641856566,50.68575996429137,25
6254-2,pdf,6354-3,pdf,E,9.055271225211468,21.672083363046365,25
6254-2,pdf,6254-3,pdf,W,1.0397785351741613,2.5161533469339177,25
6254-3,pdf,6254-4,pdf,N,3.276478996212441,7.548293364088858,25
6328-3,pdf,6328-4,pdf,N,36.91983291698631,56.69534124144566,25
6331-1,pdf,6332-2,pdf,N,3.4963261006447937,7.911136952227614,25
6331-1,pdf,6431-4,pdf,E,5.930925112698464,8.095057789444743,25
6331-1,pdf,6331-2,pdf,S,1.8310685089135785,7.838134496410436,25
6331-1,pdf,6331-4,pdf,W,437.0401821606039,442.86870694130283,25
6331-2,pdf,6431-3,pdf,E,120.56977136018278,232.6515021767977,25
6331-2,pdf,6331-3,pdf,W,33.477069415306836,207.82553433827505,25
6331-3,pdf,6331-4,pdf,N,229.24636757028242,231.1418048423217,25
6331-4,pdf,6332-3,pdf,N,2.2108990361368117,3.9793168534345593,25
6332-1,pdf,6432-4,pdf,E,448.8109743196798,449.60500839405927,25
6332-1,pdf,6332-2,pdf,S,221.53935189668542,223.74969639970547,25
6332-2,pdf,6432-3,pdf,E,448.2923641445328,461.81555569217676,25
6332-2,pdf,6332-3,pdf,W,434.6155920169715,441.86669108662966,25
6342-2,pdf,6442-3,pdf,E,8.533020881794137,11.0988508154686,25
6342-2,pdf,6342-3,pdf,W,7.594123598351472,8.543853690831154,25
6342-3,pdf,6342-4,pdf,N,6.5004359291315446,8.2727914523196,25
6342-4,pdf,6343-3,pdf,N,3.547868918603958,5.37726009069862,25
6343-1,pdf,6343-2,pdf,S,4.261215747278363,5.343063472675025,25
6343-1,pdf,6343-4,pdf,W,6.511854293841129,13.430684972530777,25
6343-2,pdf,6443-3,pdf,E,2.0793822185179387,4.346376739386352,25
6343-2,pdf,6343-3,pdf,W,2.8717118825929293,8.194767370407469,25
6343-3,pdf,6343-4,pdf,N,0.6633895482906936,1.8791239943152065,25
6343-4,pdf,6344-3,pdf,N,7.183461080433903,14.68825792192124,25
6344-3,pdf,6344-4,pdf,N,3.6856322578825984,9.287771237551443,25
6351-1,pdf,6352-2,pdf,N,4.429488862808172,10.32082728237145,25
6351-1,pdf,6451-4,pdf,E,10.365102942055277,10.370276512262658,25
6351-1,pdf,6351-2,pdf,S,2.226863812921031,4.7876758854195804,25
6351-1,pdf,6351-4,pdf,W,18.086403868422956,22.658516308003698,25
6351-2,pdf,6451-3,pdf,E,8.749425550648922,10.872954941879,25
6351-2,pdf,6351-3,pdf,W,3.1255213157293835,3.9534728834264294,25
6351-3,pdf,6351-4,pdf,N,15.740855190737046,21.927846944903635,25
6351-4,pdf,6352-3,pdf,N,8.809739930706625,9.701479264146778,25
6352-1,pdf,6352-2,pdf,S,2.288566312525285,4.060933198737328,25
6352-1,pdf,6352-4,pdf,W,446.2643523657792,458.3424998806346,25
6352-2,pdf,6452-3,pdf,E,468.6171297882204,479.7704426324447,25
6352-2,pdf,6352-3,pdf,W,12.873127758028177,18.26270037912331,25
6352-3,pdf,6352-4,pdf,N,140.32903746923824,142.97941893880315,25
6352-4,pdf,6353-3,pdf,N,139.90703120065626,143.00207743415737,25
6354-3,pdf,6354-4,pdf,N,1.0683256584778802,1.9549456205303486,25
6429-1,pdf,6430-2,pdf,N,8.076586808803489,11.457169727768544,25
6429-1,pdf,6429-4,pdf,W,10.93109061505805,13.577232558932106,25
6429-4,pdf,6430-3,pdf,N,10.862593346189023,18.645831309701677,25
6430-1,pdf,6431-2,pdf,N,6.4443243757036175,16.959728462450524,25
6430-1,pdf,6530-4,pdf,E,24.017481868432238,31.92070833388503,25
6430-1,pdf,6430-2,pdf,S,17.169529469788827,19.377304142808345,25
6430-1,pdf,6430-4,pdf,W,2.190341278342546,6.560138155825498,25
6430-2,pdf,6430-3,pdf,W,28.445133794136172,30.20567475392719,25
6430-3,pdf,6430-4,pdf,N,6.425217499901843,15.702838142895208,25
6430-4,pdf,6431-3,pdf,N,6.6240072335892926,15.466822935225975,25
6431-1,pdf,6432-2,pdf,N,5.797063598941333,12.421044972810426,25
6431-1,pdf,6531-4,pdf,E,455.3219040128006,480.35072639292565,25
6431-1,pdf,6431-2,pdf,S,9.540257227078204,10.757420491791299,25
6431-1,pdf,6431-4,pdf,W,12.867045874922306,22.50023799940908,25
6431-2,pdf,6531-3,pdf,E,8.770756481478747,12.465319187588925,25
6431-2,pdf,6431-3,pdf,W,8.75922600188638,19.572797030064415,25
6431-3,pdf,6431-4,pdf,N,3.438214238329192,9.746972867435016,25
6431-4,pdf,6432-3,pdf,N,222.07622997176472,230.1472027474166,25
6432-1,pdf,6433-2,pdf,N,8.290826987650316,8.73312571088604,25
6432-1,pdf,6532-4,pdf,E,447.29296432694656,452.7920889961097,25
6432-1,pdf,6432-2,pdf,S,225.50006850433502,228.15152954636218,25
6432-1,pdf,6432-4,pdf,W,468.536462783237,468.7042495177266,25
6432-2,pdf,6532-3,pdf,E,10.368797746266694,11.685879574092636,25
6432-2,pdf,6432-3,pdf,W,450.89123843494394,453.0148158881927,25
6432-3,pdf,6432-4,pdf,N,241.26948090398466,252.80467319819428,25
6433-2,pdf,6533-3,pdf,E,447.05157541295057,452.4699252861074,25
6437-2,pdf,6537-3,pdf,E,4.536558090767717,12.846268953519832,25
6440-1,pdf,6540-4,pdf,E,9.10294059901763,12.106650305208086,25
6441-4,pdf,6442-3,pdf,N,2.5223874229215353,4.833932341014657,25
6442-1,pdf,6442-2,pdf,S,5.002686449338425,14.092466123013038,25
6442-1,pdf,6442-4,pdf,W,6.831713181199121,15.864960210496639,25
6442-2,pdf,6542-3,pdf,E,6.297172519474062,6.382249390798272,25
6442-2,pdf,6442-3,pdf,W,5.265768161429766,11.293336617997289,25
6442-3,pdf,6442-4,pdf,N,5.871318089999667,9.188065115122637,25
6442-4,pdf,6443-3,pdf,N,1.294872980278518,2.821031210488986,25
6450-1,pdf,6451-2,pdf,N,7.022888100192685,13.177696164799716,25
6450-1,pdf,6450-4,pdf,W,2.992777063617802,5.943329360386164,25
6450-3,pdf,6450-4,pdf,N,2.6025383191594287,6.3136155745338804,25
6450-4,pdf,6451-3,pdf,N,9.376474772436879,9.81682655907242,25
6451-1,pdf,6452-2,pdf,N,148.97927567785348,152.18482641403074,25
6451-1,pdf,6551-4,pdf,E,449.4613622096073,461.16587487396913,25
6451-1,pdf,6451-2,pdf,S,142.97797332914823,143.4206408521458,25
6451-1,pdf,6451-4,pdf,W,455.6429944059953,457.40051816586674,25
6451-2,pdf,6551-3,pdf,E,462.598521146817,462.70054449291916,25
6451-2,pdf,6451-3,pdf,W,2.590482089209892,3.007362997233835,25
6451-3,pdf,6451-4,pdf,N,14.294735480402105,16.062467540503334,25
6451-4,pdf,6452-3,pdf,N,120.98066961083143,125.84104752279728,25
6452-2,pdf,6452-3,pdf,W,450.37696583334184,479.4155599100816,25
6530-1,pdf,6531-2,pdf,N,7.73866061317377,12.475734298545964,25
6530-1,pdf,6630-4,pdf,E,2.3614394061291666,8.144197087156694,25
6530-1,pdf,6530-2,pdf,S,4.4234186372209345,7.076474008141563,25
6530-1,pdf,6530-4,pdf,W,7.64965198448504,10.276771867029357,25
6530-4,pdf,6531-3,pdf,N,21.55663682141487,21.99755769990893,25
6531-1,pdf,6532-2,pdf,N,1.4950178390959508,3.065769861032421,25
6531-1,pdf,6631-4,pdf,E,8.098609330276922,9.459840451546633,25
6531-1,pdf,6531-2,pdf,S,2.58957969631696,5.769395854225194,25
6531-1,pdf,6531-4,pdf,W,463.88833206568677,472.45478943931596,25
6531-2,pdf,6631-3,pdf,E,24.293258704024996,484.9760109022585,25
6531-2,pdf,6531-3,pdf,W,114.47035012628115,237.14030948922158,25
6531-3,pdf,6531-4,pdf,N,240.09596875172238,244.51804169562072,25
6531-4,pdf,6532-3,pdf,N,226.347079783233,234.2376827599646,25
6532-1,pdf,6533-2,pdf,N,3.347128647865581,6.450131821332835,25
6532-1,pdf,6632-4,pdf,E,477.82500283587916,489.90866821173944,25
6532-1,pdf,6532-2,pdf,S,7.012072282417575,13.563118988462834,25
6532-1,pdf,6532-4,pdf,W,9.641969739381105,11.224962028443507,25
6532-2,pdf,6632-3,pdf,E,4.3152832914134995,10.475421755005495,25
6532-2,pdf,6532-3,pdf,W,17.410767584571392,19.161691303734372,25
6532-3,pdf,6532-4,pdf,N,5.386550197169368,8.928192610916408,25
6532-4,pdf,6533-3,pdf,N,4.252498791721084,9.356527331137189,25
6533-1,pdf,6534-2,pdf,N,10.501339552802602,15.36355335402436,25
6533-1,pdf,6633-4,pdf,E,457.1318094641284,462.0911083249861,25
6533-1,pdf,6533-2,pdf,S,228.7396056646858,232.5208031138654,25
6533-1,pdf,6533-4,pdf,W,519.2660585155138,520.3587729279009,25
6533-2,pdf,6633-3,pdf,E,478.70985041546555,493.6925463367367,25
6533-2,pdf,6533-3,pdf,W,5.165402817259503,20.6134516051502,25
6533-3,pdf,6533-4,pdf,N,30.232415091812577,38.48969531859402,25
6534-1,pdf,6535-2,pdf,N,212.56929206002826,217.55640375201665,25
6534-1,pdf,6634-4,pdf,E,10.991675484533495,12.823477988730586,25
6534-1,pdf,6534-2,pdf,S,216.106311306977,219.4853171559833,25
6534-2,pdf,6634-3,pdf,E,455.6926108025561,456.81766821806883,25
6535-1,pdf,6536-2,pdf,N,235.69870072669613,239.6109181171597,25
6535-1,pdf,6635-4,pdf,E,447.3170456631283,452.32341761286557,25
6535-1,pdf,6535-2,pdf,S,13.266685723518988,23.871715015499177,25
6535-2,pdf,6635-3,pdf,E,453.16769982782523,454.2192562434169,25
6536-1,pdf,6537-2,pdf,N,14.38422090664771,21.45034237552654,25
6536-1,pdf,6536-2,pdf,S,196.25711053709566,203.19930937047081,25
6536-1,pdf,6536-4,pdf,W,232.44604895436603,425.924457999361,25
6536-2,pdf,6636-3,pdf,E,5.806025013163261,10.633061607842118,25
6536-2,pdf,6536-3,pdf,W,447.470170067537,452.83600777186103,25
6536-3,pdf,6536-4,pdf,N,204.20823857343652,212.59082142275113,25
6536-4,pdf,6537-3,pdf,N,4.877661043394751,15.015539253350243,25
6537-1,pdf,6637-4,pdf,E,5.149086538411203,8.712321355581038,25
6537-1,pdf,6537-2,pdf,S,3.9278977038484246,8.838824249520249,25
6537-2,pdf,6637-3,pdf,E,1.1069410804857973,1.949155782108419,25
6537-2,pdf,6537-3,pdf,W,2.6178837041507963,3.9764921103744086,25
6538-1,pdf,6539-2,pdf,N,0.8615802560929501,2.4108211330419564,25
6538-1,pdf,6638-4,pdf,E,6.907337766246725,10.85266668814107,25
6539-1,pdf,6540-2,pdf,N,4.3433048477214955,4.405075776763824,25
6539-1,pdf,6639-4,pdf,E,3.08047673701237,7.091357131227919,25
6539-1,pdf,6539-2,pdf,S,11.062232935834153,21.667141926260292,25
6539-2,pdf,6639-3,pdf,E,6.985464105305474,9.989173753018148,25
6540-1,pdf,6640-4,pdf,E,5.357073524420372,11.355396489326328,25
6540-1,pdf,6540-2,pdf,S,3.3178193193876124,9.395041931333784,25
6540-1,pdf,6540-4,pdf,W,4.822239252208784,12.110434243613696,25
6540-2,pdf,6640-3,pdf,E,3.1462239185280083,8.145935522289546,25
6540-2,pdf,6540-3,pdf,W,11.256628301781193,16.828281051900518,25
6540-3,pdf,6540-4,pdf,N,9.939841700426573,19.662237120070937,25
6551-1,pdf,6551-4,pdf,W,477.39601861228374,482.16678069055814,25
6551-3,pdf,6551-4,pdf,N,154.44635296034437,159.5777907543877,25
6630-1,pdf,6631-2,pdf,N,15.122679377376356,20.533342563077916,25
6630-1,pdf,6630-4,pdf,W,16.392690647785923,24.270131359134925,25
6630-4,pdf,6631-3,pdf,N,3.7668906977385204,10.38712511890308,25
6631-1,pdf,6632-2,pdf,N,6.562631413088829,15.114685466183214,25
6631-1,pdf,6731-4,pdf,E,6.469337360769763,7.393379202801093,25
6631-1,pdf,6631-2,pdf,S,6.635117725589574,12.740466133519252,25
6631-1,pdf,6631-4,pdf,W,6.701114621782631,13.67571888012,25
6631-2,pdf,6731-3,pdf,E,5.44095049936927,12.43788716431361,25
6631-2,pdf,6631-3,pdf,W,240.18710407395795,420.50640362245167,25
6631-3,pdf,6631-4,pdf,N,227.85956415922223,236.70046255421582,25
6631-4,pdf,6632-3,pdf,N,14.541267597725536,29.477893562652316,25
6632-1,pdf,6633-2,pdf,N,8.316548139246057,19.81086258409262,25
6632-1,pdf,6732-4,pdf,E,19.989918365318676,23.697328314150504,25
6632-1,pdf,6632-2,pdf,S,212.49737935835262,226.8282224509857,25
6632-1,pdf,6632-4,pdf,W,5.452413398572047,15.896833608776848,25
6632-2,pdf,6732-3,pdf,E,474.37064646200116,488.48856083960976,25
6632-2,pdf,6632-3,pdf,W,1.5337935441124377,3.539217653769618,25
6632-3,pdf,6632-4,pdf,N,214.76637971642444,219.4673052478203,25
6632-4,pdf,6633-3,pdf,N,8.838676244676867,13.257427453280279,25
6633-1,pdf,6634-2,pdf,N,3.832835380779409,9.957879274430674,25
6633-1,pdf,6733-4,pdf,E,2.0958835664213855,4.727211885275755,25
6633-1,pdf,6633-2,pdf,S,231.82190786767572,236.3805208019797,25
6633-1,pdf,6633-4,pdf,W,12.030199041981115,15.502459752069614,25
6633-2,pdf,6733-3,pdf,E,458.7881115603509,460.79092301164474,25
6633-2,pdf,6633-3,pdf,W,3.2684555920093445,9.25062990097295,25
6633-3,pdf,6633-4,pdf,N,216.25443292474512,222.88782889405923,25
6633-4,pdf,6634-3,pdf,N,1.1059775167636205,1.1079926289834041,25
6634-1,pdf,6635-2,pdf,N,228.1625612330045,230.55213077733342,25
6634-1,pdf,6734-4,pdf,E,458.5959361613029,459.7137747065819,25
6634-1,pdf,6634-2,pdf,S,222.7760949397679,223.21818224397728,25
6634-1,pdf,6634-4,pdf,W,468.09232270899616,472.2633317905903,25
6634-2,pdf,6734-3,pdf,E,0.0003290170877129995,0.00048515921567482135,25
6634-2,pdf,6634-3,pdf,W,2.1902277561938464,3.0579826106188728,25
6634-3,pdf,6634-4,pdf,N,3.5185908989426276,8.57123590613215,25
6634-4,pdf,6635-3,pdf,N,11.708516137676153,17.63256433187864,25
6635-1,pdf,6636-2,pdf,N,4.230778751058299,8.051409704809194,25
6635-1,pdf,6735-4,pdf,E,17.861064801499058,18.301603828511265,25
6635-1,pdf,6635-2,pdf,S,16.660140189199286,18.596191310903247,25
6635-1,pdf,6635-4,pdf,W,23.14370194984054,30.5141270765253,25
6635-2,pdf,6735-3,pdf,E,2.837580008811055,3.307968687753324,25
6635-2,pdf,6635-3,pdf,W,8.69669813798602,10.41817979349776,25
6635-3,pdf,6635-4,pdf,N,9.622934851301096,13.568598270957267,25
6635-4,pdf,6636-3,pdf,N,14.63796812632985,22.47619192925572,25
6636-1,pdf,6637-2,pdf,N,9.156948335643868,15.346891859609215,25
6636-1,pdf,6736-4,pdf,E,6.915692751774734,14.21659390912546,25
6636-1,pdf,6636-2,pdf,S,3.4236569708019804,15.862762285240638,25
6636-2,pdf,6736-3,pdf,E,2.103338455962947,4.368702174541781,25
6636-2,pdf,6636-3,pdf,W,3.223483767563266,3.242686323218965,25
6637-1,pdf,6638-2,pdf,N,2.5768520007891977,6.706429582377901,25
6637-1,pdf,6737-4,pdf,E,5.199102923250502,14.663775803785658,25
6637-1,pdf,6637-2,pdf,S,8.616404387754622,11.235651121669104,25
6637-1,pdf,6637-4,pdf,W,2.892315677196112,6.156648774347899,25
6637-2,pdf,6737-3,pdf,E,2.6716450554925446,5.284059307840624,25
6637-2,pdf,6637-3,pdf,W,3.37718794304957,7.7498119522021005,25
6637-3,pdf,6637-4,pdf,N,8.960407046416561,11.748390769088513,25
6637-4,pdf,6638-3,pdf,N,2.251730762426012,9.83700615623878,25
6638-1,pdf,6639-2,pdf,N,6.115747888078172,15.9128697619606,25
6638-1,pdf,6738-4,pdf,E,4.8391317693552,8.71556816138961,25
6638-1,pdf,6638-2,pdf,S,2.763507384653697,4.089874222747868,25
6638-1,pdf,6638-4,pdf,W,1.0755086487523013,2.6896792651587624,25
6638-2,pdf,6738-3,pdf,E,1.2930729879388658,2.585083540899671,25
6638-2,pdf,6638-3,pdf,W,2.800998474323899,6.2464274654042615,25
6638-3,pdf,6638-4,pdf,N,9.396321113738988,11.605852271225672,25
6638-4,pdf,6639-3,pdf,N,3.8689888356636777,6.0804307874609504,25
6639-1,pdf,6640-2,pdf,N,4.973180204883051,8.952224551332687,25
6639-1,pdf,6739-4,pdf,E,0.5372011500963358,0.9649948199101219,25
6639-1,pdf,6639-2,pdf,S,4.420246489756094,9.728011713660255,25
6639-1,pdf,6639-4,pdf,W,6.9465987986452475,11.697452524838287,25
6639-2,pdf,6739-3,pdf,E,6.986020345259982,14.302892980025954,25
6639-2,pdf,6639-3,pdf,W,1.0734080317982622,1.930991801086261,25
6639-3,pdf,6639-4,pdf,N,4.92581247192296,7.627631941433176,25
6639-4,pdf,6640-3,pdf,N,9.171055092946037,9.221253319387534,25
6640-1,pdf,6740-4,pdf,E,12.803128234676262,16.27081287571839,25
6640-1,pdf,6640-2,pdf,S,14.18880372486013,20.053796765676577,25
6640-1,pdf,6640-4,pdf,W,3.382203416050235,6.282127593836449,25
6640-2,pdf,6740-3,pdf,E,4.000857281354087,10.21916831941101,25
6640-2,pdf,6640-3,pdf,W,2.142462912536313,5.575719518060691,25
6640-3,pdf,6640-4,pdf,N,12.164393245867982,14.815354922467337,25
6731-3,pdf,6731-4,pdf,N,6.609768544569005,9.67578364460142,25
6731-4,pdf,6732-3,pdf,N,234.85871960538967,235.3017080681412,25
6732-1,pdf,6733-2,pdf,N,208.14552220355816,209.89259216065702,25
6732-1,pdf,6832-4,pdf,E,5.211539807068874,10.544770373307893,25
6732-1,pdf,6732-2,pdf,S,237.71856357189017,239.56531289728068,25
6732-1,pdf,6732-4,pdf,W,435.6992514986568,451.7791885176452,25
6732-2,pdf,6832-3,pdf,E,466.1251714773171,466.4235413743254,25
6732-2,pdf,6732-3,pdf,W,8.176812328360718,20.82940276422459,25
6732-3,pdf,6732-4,pdf,N,23.996458504621522,35.85394134193223,25
6732-4,pdf,6733-3,pdf,N,238.18127151633783,239.26185794417475,25
6733-1,pdf,6734-2,pdf,N,236.93728080090563,240.34802386918432,25
6733-1,pdf,6833-4,pdf,E,23.37701866294666,24.67225614841892,25
6733-1,pdf,6733-2,pdf,S,1.3210863966413924,1.9814935412953063,25
6733-1,pdf,6733-4,pdf,W,475.2999066551344,480.3816466052497,25
6733-2,pdf,6833-3,pdf,E,470.1072348748193,480.0790739241596,25
6733-2,pdf,6733-3,pdf,W,486.79249959540095,495.3852000032519,25
6733-3,pdf,6733-4,pdf,N,3.43792960535557,6.703437023196537,25
6733-4,pdf,6734-3,pdf,N,6.297448279333721,8.882572669024926,25
6734-1,pdf,6735-2,pdf,N,4.949682391607365,11.4267280370162,25
6734-1,pdf,6834-4,pdf,E,11.906175485867038,14.49834431307458,25
6734-1,pdf,6734-2,pdf,S,4.387848291846246,8.940404211777794,25
6734-1,pdf,6734-4,pdf,W,1.832080008400588,4.975503718382138,25
6734-2,pdf,6834-3,pdf,E,14.233341192176757,19.44092239299525,25
6734-2,pdf,6734-3,pdf,W,6.686267901809349,13.007767030259812,25
6734-3,pdf,6734-4,pdf,N,3.1847816899999946,7.617788272762115,25
6734-4,pdf,6735-3,pdf,N,4.086532147500454,4.104540754189327,25
6735-1,pdf,6736-2,pdf,N,209.24236233561905,210.57366178822662,25
6735-1,pdf,6735-2,pdf,S,10.794663465803495,17.420287399195185,25
6735-1,pdf,6735-4,pdf,W,16.697005902609334,21.46815875880037,25
6735-2,pdf,6835-3,pdf,E,492.3417195057255,502.53800665140074,25
6735-2,pdf,6735-3,pdf,W,14.426382287215846,21.008457792028555,25
6735-3,pdf,6735-4,pdf,N,11.254619422482596,14.544073789518317,25
6735-4,pdf,6736-3,pdf,N,1.8077239232208604,3.973924572841589,25
6736-2,pdf,6836-3,pdf,E,462.40466208036014,463.9011125230512,25
6736-2,pdf,6736-3,pdf,W,479.05014040862665,491.46789520562,25
6736-3,pdf,6736-4,pdf,N,1.3625189054019764,3.570848062569718,25
6736-4,pdf,6737-3,pdf,N,1.5604669363510728,3.461509918789354,25
6737-1,pdf,6738-2,pdf,N,8.288143559588919,13.151384241757192,25
6737-1,pdf,6837-4,pdf,E,4.313566480424523,6.035992588099738,25
6737-1,pdf,6737-2,pdf,S,3.3379283382376985,7.646147966312014,25
6737-1,pdf,6737-4,pdf,W,10.779058566330598,15.101577557784069,25
6737-2,pdf,6837-3,pdf,E,8.596078007276406,10.288760230846284,25
6737-2,pdf,6737-3,pdf,W,4.297318777696428,6.8681262066684905,25
6737-3,pdf,6737-4,pdf,N,1.8356783680345499,5.486181841147464,25
6737-4,pdf,6738-3,pdf,N,4.922448994060352,5.406109956137761,25
6738-1,pdf,6739-2,pdf,N,2.0074868251090026,3.938412734504485,25
6738-1,pdf,6838-4,pdf,E,4.850607658502238,5.275871243828571,25
6738-1,pdf,6738-2,pdf,S,3.1090226700536676,6.479208818507771,25
6738-1,pdf,6738-4,pdf,W,10.151457067145236,10.645654051278033,25
6738-2,pdf,6838-3,pdf,E,5.171790537060927,14.654501223855744,25
6738-2,pdf,6738-3,pdf,W,7.539856568562808,7.543279190827922,25
6738-3,pdf,6738-4,pdf,N,6.891281244426454,17.50785947506824,25
6738-4,pdf,6739-3,pdf,N,1.6074863264246373,2.091732099433176,25
6739-1,pdf,6739-2,pdf,S,9.22854565319212,10.451797680088267,25
6739-1,pdf,6739-4,pdf,W,11.270128600584078,14.281049553117514,25
6739-2,pdf,6739-3,pdf,W,2.6868845257039315,3.9740578652136183,25
6739-3,pdf,6739-4,pdf,N,8.29111486943208,13.152233540533953,25
6739-4,pdf,6740-3,pdf,N,12.85286504253395,13.626475629315605,25
6740-3,pdf,6740-4,pdf,N,13.74126281050795,20.324491510380444,25
6831-4,pdf,6832-3,pdf,N,5.014803353390324,12.747981995338538,25
6832-1,pdf,6832-4,pdf,W,3.720623142157483,5.938336540417809,25
6832-3,pdf,6832-4,pdf,N,14.926620644659474,19.20569874427413,25
6832-4,pdf,6833-3,pdf,N,3.124994438554388,5.5022314046956495,25
6833-1,pdf,6834-2,pdf,N,1.6411487823106166,3.945907566550585,25
6833-1,pdf,6833-4,pdf,W,482.8087264818304,484.361940989269,25
6833-3,pdf,6833-4,pdf,N,224.94930939641293,225.3913618756674,25
6833-4,pdf,6834-3,pdf,N,226.5978125078369,230.76645000279308,25
6834-1,pdf,6835-2,pdf,N,4.420728710313911,7.954127555799279,25
6834-1,pdf,6834-2,pdf,S,208.94735646551933,213.03992754591445,25
6834-1,pdf,6834-4,pdf,W,495.28067888297943,506.36020305641654,25
6834-2,pdf,6834-3,pdf,W,11.965264420723752,14.52387816748016,25
6834-3,pdf,6834-4,pdf,N,8.42270650687035,10.927641511055148,25
6834-4,pdf,6835-3,pdf,N,221.73371466708605,234.3645395610061,25
6835-1,pdf,6836-2,pdf,N,200.45522420334675,203.07127216639347,25
6835-1,pdf,6835-2,pdf,S,229.92959454103118,237.0078101105815,25
6835-2,pdf,6835-3,pdf,W,9.55131291655201,24.618151336258936,25
6836-2,pdf,6836-3,pdf,W,484.2409284359374,493.1135329586139,25
6836-3,pdf,6836-4,pdf,N,6.215741497986563,9.308400468380313,25
6836-4,pdf,6837-3,pdf,N,6.427676709907304,8.359236805299837,25
6837-3,pdf,6837-4,pdf,N,11.206976071721408,13.981327413433409,25
6837-4,pdf,6838-3,pdf,N,8.526236853720972,16.222906473745578,25
6838-3,pdf,6838-4,pdf,N,12.71331002203462,13.160348423868857,25
