"series","title","zone","scope","scale","catalogued_sheets","linked_dois_in_local_sources","rights_evidence","holding_institution","date","cartomundi_url"
"128","[sans titre de série]","Indochine","Indochina; Vietnam coverage needs checking","500000","24","0","no linked items in local sources","IGN, BMVR","1898-1907","https://www.cartomundi.fr/searchMap?type=serie&id=128"
"168","Carte du delta de l'Annam","Annam (Indochine)","Vietnam named","25000","110","0","no linked items in local sources","IGN, IGN","1906-1945","https://www.cartomundi.fr/searchMap?type=serie&id=168"
"169","Indochine 25.000e. Deltas de l'Annam","Annam (Indochine)","Vietnam named","25000","137","0","no linked items in local sources","IGN","1945-?","https://www.cartomundi.fr/searchMap?type=serie&id=169"
"170","Annam 1/25.000e","Annam (Indochine)","Vietnam named","25000","192","0","no linked items in local sources","IGN","1945-1952","https://www.cartomundi.fr/searchMap?type=serie&id=170"
"175","Carte du Delta du Tonkin","Tonkin (Indochine)","Vietnam named","25000","81","0","no linked items in local sources","IGN, IGN","1901-1944","https://www.cartomundi.fr/searchMap?type=serie&id=175"
"178","Carte de l'Indo-Chine","Indochine","Indochina; Vietnam coverage needs checking","200000","56","0","no linked items in local sources","IGN","1888-1897","https://www.cartomundi.fr/searchMap?type=serie&id=178"
"199","Carte de Cochinchine","Cochinchine (Indochine)","Vietnam named","25000","329","0","no linked items in local sources","IGN","1916-1948","https://www.cartomundi.fr/searchMap?type=serie&id=199"
"200","Carte de Cochinchine","Cochinchine (Indochine)","Vietnam named","25000","167","0","no linked items in local sources","IGN, IGN","1916-1944","https://www.cartomundi.fr/searchMap?type=serie&id=200"
"201","Cochinchine 1/25.000e","Cochinchine (Indochine)","Vietnam named","25000","330","0","no linked items in local sources","IGN","1945-1952","https://www.cartomundi.fr/searchMap?type=serie&id=201"
"233","Carte routière de l'Indochine","Indochine","Indochina; Vietnam coverage needs checking","400000","24","0","no linked items in local sources","IGN, MNHN","1935-1962","https://www.cartomundi.fr/searchMap?type=serie&id=233"
"243","Carte du Delta du Tonkin","Tonkin (Indochine)","Vietnam named","25000","157","157","157/157 linked items checked","IGN","1901-1944","https://www.cartomundi.fr/searchMap?type=serie&id=243"
"248","Carte du Delta du Tonkin","Tonkin (Indochine)","Vietnam named","25000","160","0","no linked items in local sources","IGN","1945-1953","https://www.cartomundi.fr/searchMap?type=serie&id=248"
"266","Viet-Nam 1:100 000","Indochine","Vietnam named","100000","406","0","no linked items in local sources","IGN","1953-1962","https://www.cartomundi.fr/searchMap?type=serie&id=266"
"32","Laos 1:200 00","Laos","outside Vietnam by series label","200000","52","0","no linked items in local sources","BNF cartes et plans","1987-1987","https://www.cartomundi.fr/searchMap?type=serie&id=32"
"325","Indochine au 100 000e","Indochine","Indochina; Vietnam coverage needs checking","100000","252","221","221/221 linked items checked","IGN, IGN","1900-1947","https://www.cartomundi.fr/searchMap?type=serie&id=325"
"39","Cambodia 100 000","Cambodge","outside Vietnam by series label","100000","121","0","no linked items in local sources","IGN","1992-1992","https://www.cartomundi.fr/searchMap?type=serie&id=39"
"41","Atlas de l'Indochine","Indochine","Indochina; Vietnam coverage needs checking","1000000","18","0","no linked items in local sources","BMVR","1919-1919","https://www.cartomundi.fr/searchMap?type=serie&id=41"
"475","Cambodia 1:50 000","Cambodge","outside Vietnam by series label","50000","237","0","no linked items in local sources","BNF cartes et plans","1966-2000","https://www.cartomundi.fr/searchMap?type=serie&id=475"
"561","Indochine au 100 000e","Indochine","Indochina; Vietnam coverage needs checking","100000","413","492","492/492 linked items checked","IGN","1947-1959","https://www.cartomundi.fr/searchMap?type=serie&id=561"
"604","Contribution à la géologie du Laos","Laos","outside Vietnam by series label","400000","2","0","no linked items in local sources","Bibliothèque de Géosciences et environnement - Sorbonne Université","1919-1919","https://www.cartomundi.fr/searchMap?type=serie&id=604"
"605","Etudes géologiques sur la région septentrionale du Haut-Tonkin","Tonkin (Indochine)","Vietnam named","100000","10","0","no linked items in local sources","Bibliothèque de Géosciences et environnement - Sorbonne Université","1915-1915","https://www.cartomundi.fr/searchMap?type=serie&id=605"
"606","Indo-Chine","Indochine","Indochina; Vietnam coverage needs checking","1000000","9","0","no linked items in local sources","Bibliothèque de Géosciences et environnement - Sorbonne Université","1903-1903","https://www.cartomundi.fr/searchMap?type=serie&id=606"
"82","Carte du delta de l'Annam","Annam (Indochine)","Vietnam named","25000","189","0","no linked items in local sources","IGN, IGN","1906-1945","https://www.cartomundi.fr/searchMap?type=serie&id=82"
"93","Carte de l'Indo-Chine","Indochine","Indochina; Vietnam coverage needs checking","500000","42","0","no linked items in local sources","IGN","1923-1948","https://www.cartomundi.fr/searchMap?type=serie&id=93"
"98","Indo-Chine. Carte de la mission Pavie…","Indochine","Indochina; Vietnam coverage needs checking","1000000","4","0","no linked items in local sources","BMVR","1899-?","https://www.cartomundi.fr/searchMap?type=serie&id=98"
